timestamp,open,high,low,close,volume
1704067200,100.0000,101.0109,99.4687,100.9133,1248.28
1704070800,100.9133,102.1816,100.7358,101.9562,861.18
1704074400,101.9562,103.0061,101.9335,102.8410,1657.58
1704078000,102.8410,104.1376,102.4291,103.9914,832.74
1704081600,103.9914,104.0470,103.8043,103.8897,936.77
1704085200,103.8897,104.6299,103.6721,104.2377,1362.84
1704088800,104.2377,104.3405,102.9122,103.3483,799.47
1704092400,103.3483,104.6122,103.2949,104.3665,1182.33
1704096000,104.3665,104.7587,104.0006,104.2692,727.17
1704099600,104.2692,104.3766,102.3319,103.0163,1214.66
1704103200,103.0163,103.1947,102.5402,102.7693,1876.17
1704106800,102.7693,103.6603,102.4866,103.5311,1011.32
1704110400,103.5311,103.6656,102.2833,102.6137,1236.97
1704114000,102.6137,103.3952,102.3194,103.1515,843.31
1704117600,103.1515,103.6592,102.6415,103.6297,777.37
1704121200,103.6297,104.3599,103.4152,104.1010,1460.65
1704124800,104.1010,104.4618,103.8948,104.3487,1192.47
1704128400,104.3487,104.5138,104.3169,104.4053,710.41
1704132000,104.4053,104.6281,102.9873,103.4517,1237.10
1704135600,103.4517,104.3771,103.1808,104.1891,872.33
1704139200,104.1891,104.4232,103.5505,103.6013,1380.93
1704142800,103.6013,104.0083,103.2858,103.6958,791.43
1704146400,103.6958,104.5489,103.6664,104.2747,1238.33
1704150000,104.2747,104.4419,103.2321,103.4785,323.15
1704153600,103.4785,103.7555,103.2860,103.3016,1179.73
1704157200,103.3016,104.5370,102.7188,104.1642,1058.79
1704160800,104.1642,104.8337,103.9286,104.6010,1480.22
1704164400,104.6010,104.7760,103.7571,104.1934,1753.81
1704168000,104.1934,105.6571,104.1713,105.5150,643.46
1704171600,105.5150,107.6918,105.3438,107.1181,628.71
1704175200,107.1181,107.3103,106.2710,106.5922,1047.98
1704178800,106.5922,108.5253,106.4485,107.6560,1072.89
1704182400,107.6560,107.7448,107.1296,107.4949,816.99
1704186000,107.4949,108.9314,107.2958,108.7895,1123.88
1704189600,108.7895,109.1143,107.6521,108.0753,860.70
1704193200,108.0753,108.1012,106.9251,107.8153,1086.20
1704196800,107.8153,107.8496,106.9079,107.2385,1688.36
1704200400,107.2385,107.7069,107.1004,107.3400,637.30
1704204000,107.3400,108.8591,107.0217,108.0914,1595.87
1704207600,108.0914,109.7972,107.9529,109.5128,1729.86
1704211200,109.5128,111.4610,108.7995,111.1124,904.08
1704214800,111.1124,111.2987,110.5104,110.8903,885.07
1704218400,110.8903,111.2370,110.1249,110.2581,519.65
1704222000,110.2581,110.8758,109.7740,110.6447,1524.25
1704225600,110.6447,111.5003,110.5252,111.1309,301.13
1704229200,111.1309,111.9154,110.9733,111.5491,1667.74
1704232800,111.5491,112.0539,110.7610,110.8128,693.72
1704236400,110.8128,111.3607,110.5127,111.3389,1309.81
1704240000,111.3389,111.6656,110.5159,110.9709,950.45
1704243600,110.9709,113.1110,110.7048,113.1021,1611.12
1704247200,113.1021,113.6527,112.6930,113.5044,1501.51
1704250800,113.5044,114.9560,113.0615,114.2733,1257.74
1704254400,114.2733,116.7906,114.2060,116.3531,644.56
1704258000,116.3531,116.6585,115.7563,116.5114,2888.57
1704261600,116.5114,118.0035,116.0129,117.9221,1134.49
1704265200,117.9221,118.2292,116.3145,117.1312,1163.11
1704268800,117.1312,118.3387,116.5070,117.9683,1100.86
1704272400,117.9683,118.2434,117.9676,118.0803,803.28
1704276000,118.0803,118.8995,118.0210,118.8797,934.39
1704279600,118.8797,119.7294,118.8525,119.3187,701.88
1704283200,119.3187,119.5054,117.2302,117.7681,1277.79
1704286800,117.7681,119.3789,117.5988,119.0633,642.32
1704290400,119.0633,120.8120,118.9237,120.1575,1183.05
1704294000,120.1575,120.2060,118.3222,118.4029,582.60
1704297600,118.4029,118.8688,118.0920,118.6687,1539.83
1704301200,118.6687,119.1816,118.4881,119.0941,638.76
1704304800,119.0941,119.1620,117.5527,117.6423,912.45
1704308400,117.6423,118.0156,117.3259,117.9187,1287.74
1704312000,117.9187,120.2163,117.6293,120.0833,1147.59
1704315600,120.0833,121.6486,119.9926,121.5656,1358.18
1704319200,121.5656,121.5995,119.7242,119.9955,985.42
1704322800,119.9955,120.1024,117.5261,118.2478,672.54
1704326400,118.2478,119.0743,117.8993,118.9245,1143.91
1704330000,118.9245,119.1191,118.2785,118.4571,689.24
1704333600,118.4571,119.1168,118.0147,118.8223,1618.85
1704337200,118.8223,120.4694,118.6407,120.2772,1255.73
1704340800,120.2772,121.4739,120.2738,121.1639,837.09
1704344400,121.1639,121.9246,121.0362,121.7805,780.70
1704348000,121.7805,122.9067,120.8067,121.1194,1268.37
1704351600,121.1194,121.2447,120.8170,121.0365,1311.37
1704355200,121.0365,121.1318,120.7877,121.1064,1628.51
1704358800,121.1064,121.1166,120.3597,120.9966,936.16
1704362400,120.9966,121.7191,120.9865,121.6888,1119.80
1704366000,121.6888,122.3588,121.4262,122.0728,1356.13
1704369600,122.0728,124.2259,122.0616,123.8630,1255.07
1704373200,123.8630,125.4818,123.8137,125.2442,848.03
1704376800,125.2442,127.1425,125.1142,126.9369,1072.65
1704380400,126.9369,128.7413,126.8861,128.5346,853.37
1704384000,128.5346,129.1419,128.2587,129.0290,716.05
1704387600,129.0290,129.4452,128.3189,128.5917,868.98
1704391200,128.5917,130.0654,128.5783,129.7199,1211.78
1704394800,129.7199,130.2629,129.6195,130.1563,1391.20
1704398400,130.1563,130.7765,129.7076,129.8216,1578.15
1704402000,129.8216,130.8276,129.5278,130.5026,1035.19
1704405600,130.5026,132.5294,130.2618,132.4673,921.51
1704409200,132.4673,132.6139,129.7383,130.3058,1580.78
1704412800,130.3058,130.4947,129.2628,129.4596,708.52
1704416400,129.4596,129.4845,127.7964,128.1464,960.46
1704420000,128.1464,129.7285,127.8893,129.2008,735.47
1704423600,129.2008,129.3664,129.0990,129.2603,1118.02
1704427200,129.2603,129.7715,129.1758,129.4736,1154.55
1704430800,129.4736,131.5433,129.3222,130.8764,751.40
1704434400,130.8764,131.5085,130.6539,131.1811,1060.80
1704438000,131.1811,131.2838,129.6498,130.6712,774.79
1704441600,130.6712,130.7568,129.8564,130.1848,928.96
1704445200,130.1848,130.4296,129.8586,130.4154,1359.72
1704448800,130.4154,130.4200,129.9394,129.9782,998.82
1704452400,129.9782,130.3670,129.8864,130.1982,1071.31
1704456000,130.1982,131.3893,130.1424,131.3420,1695.25
1704459600,131.3420,131.4617,129.5518,129.8911,588.28
1704463200,129.8911,131.1721,129.3724,130.9034,2792.51
1704466800,130.9034,132.6772,130.8303,132.1637,910.51
1704470400,132.1637,134.3012,131.7142,133.5744,626.94
1704474000,133.5744,134.2691,133.1049,134.0655,931.94
1704477600,134.0655,135.9572,133.8194,135.3255,625.05
1704481200,135.3255,137.2759,135.2232,136.8878,762.60
1704484800,136.8878,137.7812,136.7639,137.7383,1155.55
1704488400,137.7383,139.1977,137.3355,138.7409,667.88
1704492000,138.7409,139.1784,137.7332,138.4757,1015.00
1704495600,138.4757,139.2307,137.8809,138.7386,879.18
1704499200,138.7386,140.9672,138.7363,140.6892,1170.38
1704502800,140.6892,141.4726,140.4969,140.7930,1878.70
1704506400,140.7930,142.4586,140.4361,142.3829,1359.74
1704510000,142.3829,143.0496,141.4287,141.8818,680.55
1704513600,141.8818,142.8479,141.8644,142.7347,1933.59
1704517200,142.7347,143.2572,142.3737,142.5245,1011.14
1704520800,142.5245,143.2436,142.2965,142.6092,570.57
1704524400,142.6092,143.1081,142.0777,142.5452,1103.75
1704528000,142.5452,145.2431,142.1745,144.6207,2858.29
1704531600,144.6207,145.1429,143.8439,145.1110,1207.83
1704535200,145.1110,146.7480,145.0760,146.6523,1313.43
1704538800,146.6523,147.8119,146.4402,147.7097,897.33
1704542400,147.7097,147.8747,144.5990,145.1415,1730.51
1704546000,145.1415,145.1915,142.9370,143.0270,757.44
1704549600,143.0270,144.6759,142.9910,144.3763,1005.29
1704553200,144.3763,144.4010,143.3296,143.4056,1232.02
1704556800,143.4056,143.7171,143.1224,143.1360,980.28
1704560400,143.1360,144.2552,142.4211,143.4327,1869.49
1704564000,143.4327,144.3343,143.0483,143.1509,1453.47
1704567600,143.1509,144.1321,139.8484,140.1854,817.84
1704571200,140.1854,140.3328,139.4722,139.6574,1056.89
1704574800,139.6574,140.7013,139.3658,140.4036,887.56
1704578400,140.4036,141.0538,140.2533,140.5519,1432.52
1704582000,140.5519,143.3455,140.3260,143.1030,593.05
1704585600,143.1030,146.2796,142.4509,145.7418,823.52
1704589200,145.7418,148.0710,145.0455,147.8507,1225.28
1704592800,147.8507,148.1378,146.5843,147.5489,1319.22
1704596400,147.5489,149.1408,147.3423,148.7789,1322.80
1704600000,148.7789,150.0710,148.7373,148.8523,1791.70
1704603600,148.8523,149.3935,148.4601,148.6727,1160.82
1704607200,148.6727,149.6598,148.2384,149.3997,770.08
1704610800,149.3997,151.1505,148.9098,150.1875,990.36
1704614400,150.1875,151.2200,149.8405,150.9923,1218.31
1704618000,150.9923,152.2313,150.9614,152.0486,1679.83
1704621600,152.0486,154.4012,151.6462,153.9012,1240.37
1704625200,153.9012,153.9692,152.9413,153.0278,1129.48
1704628800,153.0278,154.2127,152.4009,152.7823,1400.02
1704632400,152.7823,153.4468,151.3453,151.4219,1364.52
1704636000,151.4219,152.1969,150.3595,151.7370,1392.55
1704639600,151.7370,154.2443,151.6216,153.4831,1014.09
1704643200,153.4831,155.3029,152.5308,155.1959,1505.93
1704646800,155.1959,157.1357,154.6978,156.8842,1090.68
1704650400,156.8842,157.7121,156.1581,157.3832,2394.04
1704654000,157.3832,160.1006,157.1063,159.5355,478.07
1704657600,159.5355,160.4055,159.5313,160.2811,979.59
1704661200,160.2811,162.2281,159.5404,161.7808,1159.88
1704664800,161.7808,164.0452,161.2684,163.8839,927.03
1704668400,163.8839,164.4889,163.5172,164.2642,2487.92
1704672000,164.2642,165.3195,164.2583,164.9602,981.58
1704675600,164.9602,165.3473,160.9601,161.0354,1409.51
1704679200,161.0354,162.1771,160.4357,161.8709,920.59
1704682800,161.8709,163.6071,161.7744,163.5146,896.74
1704686400,163.5146,165.7472,163.3931,164.7820,876.91
1704690000,164.7820,165.8208,164.3871,165.3047,1404.09
1704693600,165.3047,166.0488,164.6104,164.9329,1357.86
1704697200,164.9329,166.3823,164.8288,166.3647,883.78
1704700800,166.3647,166.3737,165.7761,165.8085,770.01
1704704400,165.8085,165.8934,164.9428,165.1255,884.16
1704708000,165.1255,165.6020,163.7138,164.1653,756.49
1704711600,164.1653,164.9636,163.2446,164.8737,602.41
1704715200,164.8737,165.5127,164.4518,165.4763,790.27
1704718800,165.4763,165.9034,164.7318,165.5965,1217.00
1704722400,165.5965,165.8969,165.3340,165.6729,1122.01
1704726000,165.6729,167.3863,165.1215,166.7091,932.68
1704729600,166.7091,167.4532,165.4634,166.2310,374.54
1704733200,166.2310,166.3158,165.7861,165.9663,1080.57
1704736800,165.9663,166.4643,163.1203,163.8891,776.64
1704740400,163.8891,164.4645,162.2678,162.5853,1961.11
1704744000,162.5853,165.0598,162.3815,164.6553,1601.24
1704747600,164.6553,164.7997,163.8433,163.8877,636.14
1704751200,163.8877,164.1610,163.1933,163.5458,749.12
1704754800,163.5458,163.9319,162.7800,162.8375,873.58
1704758400,162.8375,163.4891,162.4720,163.3230,791.37
1704762000,163.3230,164.3688,161.2312,162.0064,1196.27
1704765600,162.0064,163.0318,161.0141,161.2411,1843.16
1704769200,161.2411,161.7359,159.4790,159.6452,952.65
1704772800,159.6452,160.4486,159.5301,160.2453,645.68
1704776400,160.2453,161.7816,159.4895,160.9405,684.06
1704780000,160.9405,162.7040,159.8255,162.2817,1051.88
1704783600,162.2817,162.9874,161.7442,161.9514,1269.91
1704787200,161.9514,163.6233,161.8135,163.2067,590.84
1704790800,163.2067,163.2431,161.9707,162.2378,1412.84
1704794400,162.2378,162.6883,161.4093,161.6852,936.59
1704798000,161.6852,161.7870,160.8530,161.4625,1277.98
1704801600,161.4625,162.6276,160.1699,162.1363,925.22
1704805200,162.1363,163.0145,161.1424,162.7834,1227.29
1704808800,162.7834,163.8692,162.6602,163.2628,512.85
1704812400,163.2628,164.1955,163.1918,163.7927,1363.92
1704816000,163.7927,164.4768,163.5002,164.0946,1099.98
1704819600,164.0946,164.9200,163.8288,164.5204,867.84
1704823200,164.5204,165.9244,164.5051,165.7744,1630.40
1704826800,165.7744,165.9594,165.6129,165.7460,1025.01
1704830400,165.7460,168.8806,165.6818,168.8510,1542.16
1704834000,168.8510,169.5892,167.2378,167.2551,1136.43
1704837600,167.2551,167.8108,165.5044,165.5719,1160.03
1704841200,165.5719,165.5966,164.3954,165.0777,659.22
1704844800,165.0777,165.3801,164.5716,165.3320,619.85
1704848400,165.3320,165.5595,165.2521,165.4484,1106.84
1704852000,165.4484,166.1505,165.3259,166.1504,414.60
1704855600,166.1504,168.3128,165.7462,167.4600,1232.11
1704859200,167.4600,167.5995,166.8277,167.4039,1096.28
1704862800,167.4039,167.4571,166.1681,166.3775,567.54
1704866400,166.3775,168.1565,166.0899,167.6434,718.64
1704870000,167.6434,169.1294,167.1907,167.4487,696.40
1704873600,167.4487,170.1700,167.0619,169.9027,758.77
1704877200,169.9027,172.6677,169.6664,172.5668,580.09
1704880800,172.5668,172.9012,171.3116,171.8256,858.84
1704884400,171.8256,172.7561,171.2551,172.5445,1326.87
1704888000,172.5445,173.2143,171.2102,171.3249,1099.65
1704891600,171.3249,173.9663,170.7908,173.2312,1370.68
1704895200,173.2312,176.0074,173.0041,175.6271,1385.46
1704898800,175.6271,176.7105,175.1541,176.4341,1174.75
1704902400,176.4341,177.7835,176.2830,176.8434,726.80
1704906000,176.8434,177.5534,176.4498,177.4180,834.37
1704909600,177.4180,177.8919,175.4878,176.2025,1385.17
1704913200,176.2025,177.2330,174.7734,175.4329,544.20
1704916800,175.4329,175.9340,174.1860,174.3827,1532.67
1704920400,174.3827,174.4437,174.0755,174.3582,915.87
1704924000,174.3582,174.5884,173.2593,174.2041,873.99
1704927600,174.2041,176.6012,173.7756,175.5785,606.90
1704931200,175.5785,177.7383,174.8750,177.2534,840.48
1704934800,177.2534,177.7742,176.5218,177.0074,811.38
1704938400,177.0074,177.4930,176.3322,176.4388,1033.41
1704942000,176.4388,176.8558,175.4222,175.5049,1966.78
1704945600,175.5049,176.6346,175.2497,176.0601,1505.71
1704949200,176.0601,177.0773,175.8501,176.9039,1076.92
1704952800,176.9039,177.1300,174.8695,175.5945,1155.07
1704956400,175.5945,178.2872,175.4855,177.8585,624.01
1704960000,177.8585,179.9363,176.9158,179.7228,1977.33
1704963600,179.7228,182.6772,178.8480,181.8647,984.32
1704967200,181.8647,182.8475,181.2340,182.5178,948.08
1704970800,182.5178,186.2879,182.0271,185.9538,1834.97
1704974400,185.9538,186.8178,185.3986,186.7307,1718.49
1704978000,186.7307,189.7607,186.5696,188.7474,2067.86
1704981600,188.7474,190.6700,188.4083,190.1414,876.47
1704985200,190.1414,190.9565,190.0756,190.2807,1104.54
1704988800,190.2807,191.2501,189.4872,190.9408,790.72
1704992400,190.9408,192.1791,190.8793,191.9653,824.43
1704996000,191.9653,192.1224,189.3812,190.1185,1871.59
1704999600,190.1185,190.3738,188.3294,188.5261,881.16
1705003200,188.5261,190.9841,187.7301,190.9483,1554.11
1705006800,190.9483,192.6889,190.3249,190.8033,838.10
1705010400,190.8033,191.8589,190.3838,191.2415,1806.30
1705014000,191.2415,194.5773,191.2227,194.2550,1770.10
1705017600,194.2550,196.6921,193.9945,196.6137,743.28
1705021200,196.6137,197.3241,196.1314,197.3223,1562.77
1705024800,197.3223,197.6155,195.6519,195.8997,878.19
1705028400,195.8997,197.3684,195.8576,196.5193,1004.05
1705032000,196.5193,196.7402,196.0955,196.3573,1249.65
1705035600,196.3573,196.7512,194.6129,194.8450,1709.85
1705039200,194.8450,194.8944,193.9083,194.3097,890.52
1705042800,194.3097,195.2267,193.5472,195.0150,538.89
1705046400,195.0150,196.2089,195.0070,195.6259,1062.46
1705050000,195.6259,196.2219,194.1921,194.6880,1592.66
1705053600,194.6880,195.1635,191.5228,191.5677,740.27
1705057200,191.5677,192.3326,190.9926,192.2340,922.80
1705060800,192.2340,192.7637,192.2176,192.5640,939.86
1705064400,192.5640,192.9961,189.1633,189.4008,1231.24
1705068000,189.4008,189.8252,187.6342,188.2860,565.92
1705071600,188.2860,189.5960,188.2307,189.1615,1127.36
1705075200,189.1615,192.1340,189.1477,191.4908,956.87
1705078800,191.4908,193.9966,190.5679,193.2020,1153.17
1705082400,193.2020,193.3240,192.1048,192.4360,1195.63
1705086000,192.4360,194.2096,192.4341,194.0824,539.82
1705089600,194.0824,196.5264,194.0083,195.7614,1657.98
1705093200,195.7614,196.1662,193.0764,193.5274,955.32
1705096800,193.5274,194.6984,191.0693,191.3127,2239.22
1705100400,191.3127,192.8315,191.2301,192.7886,1930.34
1705104000,192.7886,195.8286,192.2352,195.4979,2074.48
1705107600,195.4979,195.8798,194.5523,195.2435,733.62
1705111200,195.2435,196.0547,194.0728,194.7249,942.50
1705114800,194.7249,197.0807,194.3332,196.3107,715.56
1705118400,196.3107,197.0665,196.1368,196.2811,1294.49
1705122000,196.2811,196.4461,195.8435,196.1220,887.94
1705125600,196.1220,197.2008,195.6339,197.1535,853.14
1705129200,197.1535,197.8007,196.2760,197.6894,1172.29
1705132800,197.6894,198.3725,196.3432,196.3612,863.26
1705136400,196.3612,196.6626,194.9532,195.4000,509.39
1705140000,195.4000,196.2795,194.5235,196.1423,519.50
1705143600,196.1423,197.2373,196.0636,197.1408,1206.16
1705147200,197.1408,200.7029,196.8222,200.4525,591.71
1705150800,200.4525,202.5492,200.3883,201.7872,1195.38
1705154400,201.7872,204.9200,201.6391,204.3249,1400.45
1705158000,204.3249,204.3912,204.3038,204.3331,1385.01
1705161600,204.3331,204.9068,203.6249,204.3053,2536.85
1705165200,204.3053,204.3334,201.3298,201.4414,934.35
1705168800,201.4414,201.7781,200.1931,200.2730,693.99
1705172400,200.2730,200.9895,199.7650,200.0141,2179.16
1705176000,200.0141,203.4349,199.9994,202.8260,1018.06
1705179600,202.8260,204.9399,202.7697,203.9497,994.83
1705183200,203.9497,203.9907,202.2551,202.3674,783.07
1705186800,202.3674,202.3865,200.9495,201.1802,762.91
1705190400,201.1802,202.8933,200.9744,202.7217,1831.39
1705194000,202.7217,202.7248,202.0808,202.2437,883.14
1705197600,202.2437,204.0546,202.0475,203.1392,578.45
1705201200,203.1392,203.6255,201.4242,202.4313,1677.34
1705204800,202.4313,206.3331,202.0238,205.6672,1043.74
1705208400,205.6672,207.0056,205.0646,205.6825,997.08
1705212000,205.6825,207.1913,204.9454,206.8897,1127.25
1705215600,206.8897,208.3177,206.5413,207.2782,744.96
1705219200,207.2782,207.4486,203.5637,204.3047,1168.93
1705222800,204.3047,204.9170,203.6250,203.8012,751.17
1705226400,203.8012,204.8310,203.2117,204.2823,617.17
1705230000,204.2823,204.3057,203.2692,203.3032,473.14
1705233600,203.3032,203.9604,200.7267,201.6843,903.74
1705237200,201.6843,202.0218,200.6661,200.7963,2705.46
1705240800,200.7963,202.3777,200.4352,200.8793,992.38
1705244400,200.8793,201.2120,200.4024,200.6012,1202.22
1705248000,200.6012,201.0799,200.4254,200.4685,1209.59
1705251600,200.4685,202.1395,199.9641,201.8797,744.63
1705255200,201.8797,205.4683,201.4838,205.3725,1116.49
1705258800,205.3725,207.1170,204.9020,207.0546,1043.65
1705262400,207.0546,207.4178,206.9957,207.3525,2186.32
1705266000,207.3525,208.1416,206.2741,206.9971,539.10
1705269600,206.9971,207.7825,205.4851,206.1218,671.30
1705273200,206.1218,206.3456,205.2725,205.4049,1205.91
1705276800,205.4049,205.6015,204.1557,204.5530,445.61
1705280400,204.5530,205.5600,204.4697,204.9392,796.97
1705284000,204.9392,206.9292,203.7325,206.3526,1102.37
1705287600,206.3526,206.4568,203.3530,204.2603,544.77
1705291200,204.2603,204.5333,203.6014,204.4542,467.18
1705294800,204.4542,206.0324,204.2591,205.7414,1862.61
1705298400,205.7414,207.2274,205.0492,207.1025,1881.96
1705302000,207.1025,207.2153,206.2232,206.3334,1011.01
1705305600,206.3334,207.6393,205.7721,207.0635,1732.58
1705309200,207.0635,207.5693,202.2699,202.5648,1551.80
1705312800,202.5648,205.6834,201.9118,205.2749,687.85
1705316400,205.2749,206.1629,205.0494,205.5581,1061.42
1705320000,205.5581,208.3195,205.1888,207.8748,625.38
1705323600,207.8748,209.6238,206.6218,209.2853,1786.40
1705327200,209.2853,215.3339,208.6072,214.9651,897.20
1705330800,214.9651,218.6160,213.9174,217.3261,1350.26
1705334400,217.3261,219.4073,217.1070,218.5266,485.78
1705338000,218.5266,221.2119,217.9596,220.4333,536.46
1705341600,220.4333,221.5759,215.7278,215.7860,560.92
1705345200,215.7860,217.1914,215.6878,216.4731,753.44
1705348800,216.4731,217.4228,215.0774,216.0486,937.37
1705352400,216.0486,216.1841,213.1019,213.2841,698.43
1705356000,213.2841,213.7480,211.8692,212.7572,1054.31
1705359600,212.7572,216.9303,212.4460,216.2231,1321.10
1705363200,216.2231,216.4041,215.4718,215.9994,869.42
1705366800,215.9994,218.6087,215.5173,218.3245,1547.99
1705370400,218.3245,218.6998,217.5032,217.9930,1156.73
1705374000,217.9930,218.5335,216.2887,216.5422,815.97
1705377600,216.5422,216.8807,213.8149,213.9827,1480.31
1705381200,213.9827,214.1721,211.3562,212.0201,361.51
1705384800,212.0201,216.1936,211.1568,215.4448,843.02
1705388400,215.4448,216.1670,215.1217,215.1817,1170.62
1705392000,215.1817,217.6988,214.9412,216.8771,1144.17
1705395600,216.8771,217.4707,213.5688,214.3781,1089.19
1705399200,214.3781,214.5151,210.8732,211.0192,750.88
1705402800,211.0192,213.2498,210.9830,212.5084,790.27
1705406400,212.5084,213.3966,211.1687,211.7016,1005.06
1705410000,211.7016,211.8445,209.3340,210.2811,999.81
1705413600,210.2811,211.8143,210.2033,211.2713,937.16
1705417200,211.2713,214.5542,210.1187,214.2558,995.38
1705420800,214.2558,216.6400,214.2396,216.2245,799.92
1705424400,216.2245,217.6160,216.0226,216.9592,1135.98
1705428000,216.9592,217.4594,216.2801,216.4272,606.38
1705431600,216.4272,218.2434,216.1572,217.9636,1290.57
1705435200,217.9636,219.8365,217.4953,219.6594,1445.50
1705438800,219.6594,221.3019,217.0382,217.4570,768.43
1705442400,217.4570,219.0984,217.1424,218.3680,1192.99
1705446000,218.3680,218.8197,218.0917,218.4863,971.24
1705449600,218.4863,220.6019,217.8559,220.5872,872.32
1705453200,220.5872,220.8865,219.1740,219.3315,1080.79
1705456800,219.3315,221.2097,219.3082,220.5341,869.20
1705460400,220.5341,220.5385,218.3996,218.6630,1171.73
1705464000,218.6630,219.5527,217.5655,217.7594,889.80
1705467600,217.7594,220.7263,217.4744,220.4962,839.34
1705471200,220.4962,221.6387,218.7279,218.9944,1091.05
1705474800,218.9944,219.6306,218.7455,219.5848,854.26
1705478400,219.5848,220.5502,218.6355,218.9081,823.27
1705482000,218.9081,219.6133,218.1189,219.5848,808.33
1705485600,219.5848,222.0932,218.3672,221.6910,901.60
1705489200,221.6910,222.9899,221.4644,222.3004,681.20
1705492800,222.3004,225.5178,220.5512,225.0999,495.55
1705496400,225.0999,225.4304,224.7677,224.8737,606.10
1705500000,224.8737,227.3680,224.1224,226.9848,710.28
1705503600,226.9848,227.1437,226.0140,227.1024,357.87
1705507200,227.1024,227.4421,226.4067,226.9450,1057.11
1705510800,226.9450,227.2580,224.7553,224.8109,404.65
1705514400,224.8109,225.6458,222.3740,222.5008,810.24
1705518000,222.5008,223.0559,221.5219,222.2542,847.06
1705521600,222.2542,223.4799,219.9360,220.1220,934.24
1705525200,220.1220,220.4485,219.3743,220.4018,665.15
1705528800,220.4018,220.8457,218.4481,218.7881,1649.32
1705532400,218.7881,222.0160,218.3447,221.6845,802.07
1705536000,221.6845,224.4218,221.2903,224.0786,1046.58
1705539600,224.0786,224.6868,223.6930,224.6164,933.89
1705543200,224.6164,225.6623,224.4864,224.9344,648.95
1705546800,224.9344,226.0550,223.9088,224.1829,1323.35
1705550400,224.1829,224.8591,221.6925,221.9815,598.79
1705554000,221.9815,224.3925,221.6021,223.6039,1022.51
1705557600,223.6039,225.2216,223.1052,224.4466,956.53
1705561200,224.4466,224.8719,222.7250,222.7906,748.51
1705564800,222.7906,223.0984,219.6535,219.8799,1329.23
1705568400,219.8799,222.9865,219.7834,221.7362,498.14
1705572000,221.7362,222.0918,219.5583,221.1702,450.41
1705575600,221.1702,225.2145,220.9256,223.7570,617.59
1705579200,223.7570,224.5568,222.9401,223.7778,898.18
1705582800,223.7778,223.8407,221.4545,221.7042,536.69
1705586400,221.7042,222.9557,221.0800,222.8917,1152.58
1705590000,222.8917,224.3656,221.4306,221.5087,972.05
1705593600,221.5087,222.0569,218.9267,219.5277,919.09
1705597200,219.5277,221.0929,219.0216,220.8369,959.95
1705600800,220.8369,221.7892,220.3924,221.2834,989.65
1705604400,221.2834,221.5673,220.9436,221.1323,732.91
1705608000,221.1323,221.4263,219.0953,219.3356,460.61
1705611600,219.3356,220.8238,217.7813,219.0988,1034.52
1705615200,219.0988,219.6282,216.9279,217.4229,1186.74
1705618800,217.4229,218.5861,217.1962,218.4852,895.06
1705622400,218.4852,220.4290,217.6866,219.1526,808.45
1705626000,219.1526,221.1941,219.0972,219.7309,1194.39
1705629600,219.7309,220.0206,216.9212,217.1889,874.81
1705633200,217.1889,218.2360,216.5541,217.7419,986.89
1705636800,217.7419,217.9021,217.0444,217.8722,1579.28
1705640400,217.8722,217.9765,213.2072,214.2187,612.88
1705644000,214.2187,215.3367,211.3695,211.4441,846.03
1705647600,211.4441,211.8639,209.4100,210.6127,1618.89
1705651200,210.6127,210.6291,208.8778,209.2321,731.98
1705654800,209.2321,210.2303,208.4645,209.1677,2320.54
1705658400,209.1677,209.4789,209.0269,209.3995,969.53
1705662000,209.3995,210.4544,208.3727,210.2173,946.57
1705665600,210.2173,210.9403,209.5999,210.0435,1230.54
1705669200,210.0435,210.8637,210.0341,210.8484,586.28
1705672800,210.8484,211.1801,207.6685,208.2607,1073.08
1705676400,208.2607,208.6466,206.2223,206.7092,1344.73
1705680000,206.7092,208.9902,206.1664,207.6984,754.53
1705683600,207.6984,210.5257,207.0479,209.9369,1879.36
1705687200,209.9369,212.1023,209.2052,211.6883,1609.53
1705690800,211.6883,213.7025,211.1286,212.1257,837.78
1705694400,212.1257,212.5067,211.5726,212.4724,940.72
1705698000,212.4724,212.7867,211.8580,212.2390,1307.31
1705701600,212.2390,212.6389,210.5558,211.8274,1287.14
1705705200,211.8274,211.9627,210.2048,210.6191,1159.44
1705708800,210.6191,212.6074,210.2902,212.4755,1996.96
1705712400,212.4755,212.7814,211.3996,212.1024,1132.92
1705716000,212.1024,213.5777,211.3408,212.9479,596.73
1705719600,212.9479,214.9544,212.7836,214.5810,840.90
1705723200,214.5810,216.2908,213.9424,214.3983,1137.64
1705726800,214.3983,214.8715,213.6532,214.1667,1302.13
1705730400,214.1667,216.5877,213.8112,215.5470,970.41
1705734000,215.5470,216.0848,213.2729,214.0398,976.86
1705737600,214.0398,214.4371,210.4229,210.9104,892.32
1705741200,210.9104,211.0506,209.8582,210.2853,1190.50
1705744800,210.2853,212.4459,209.8329,211.3391,961.50
1705748400,211.3391,212.8248,210.7058,212.0552,478.04
1705752000,212.0552,213.1242,211.2378,211.3935,1213.73
1705755600,211.3935,212.1752,209.7416,209.9337,1378.32
1705759200,209.9337,212.2658,208.7349,212.2042,910.23
1705762800,212.2042,214.0548,211.9060,213.6656,1304.84
1705766400,213.6656,214.8525,210.1726,210.7197,1246.98
1705770000,210.7197,211.0567,210.2356,210.4773,770.58
1705773600,210.4773,211.1883,204.7545,205.6897,1152.80
1705777200,205.6897,206.2427,201.6363,202.5080,2072.90
1705780800,202.5080,202.8615,202.2252,202.8158,1264.66
1705784400,202.8158,205.4281,202.5929,204.2430,453.09
1705788000,204.2430,204.8470,200.7928,200.8670,1202.59
1705791600,200.8670,201.5177,199.2857,200.3576,1122.92
1705795200,200.3576,204.7685,200.2949,204.5603,1284.53
1705798800,204.5603,205.8372,204.4982,205.5556,913.77
1705802400,205.5556,208.2105,205.5162,207.6605,1073.70
1705806000,207.6605,208.1380,204.9493,205.9014,914.51
1705809600,205.9014,209.3330,205.8628,208.5725,887.78
1705813200,208.5725,210.4835,208.0657,209.9703,998.46
1705816800,209.9703,211.6563,209.4204,211.2079,1500.77
1705820400,211.2079,212.0964,210.2661,211.8216,746.13
1705824000,211.8216,214.4809,211.2390,213.4527,859.25
1705827600,213.4527,214.0397,209.9778,210.6036,937.70
1705831200,210.6036,213.7431,210.3562,213.3434,1286.44
1705834800,213.3434,213.9324,211.2722,212.4154,918.46
1705838400,212.4154,215.7146,212.2936,215.0968,897.16
1705842000,215.0968,215.2738,210.3960,210.8348,885.62
1705845600,210.8348,211.2555,208.2308,208.7382,1448.14
1705849200,208.7382,210.6410,208.6097,210.3576,997.54
1705852800,210.3576,214.5258,210.1110,213.2264,395.62
1705856400,213.2264,214.0912,210.1728,211.1569,575.67
1705860000,211.1569,213.7305,211.0625,213.5339,1821.37
1705863600,213.5339,214.3261,212.4282,213.2208,774.94
1705867200,213.2208,213.9961,211.7773,213.2133,1487.92
1705870800,213.2133,213.7442,212.6792,212.8734,850.42
1705874400,212.8734,213.7649,208.8756,209.3703,973.03
1705878000,209.3703,209.5328,207.1659,207.3566,1179.68
1705881600,207.3566,208.6796,206.9295,208.2968,1200.55
1705885200,208.2968,208.5942,207.1512,208.3264,802.82
1705888800,208.3264,208.8439,206.4204,206.6639,804.72
1705892400,206.6639,207.3318,205.3977,206.2113,848.93
1705896000,206.2113,206.3147,204.7993,204.8205,1326.82
1705899600,204.8205,204.8677,203.1400,203.2209,968.79
1705903200,203.2209,204.1903,201.2300,201.2854,1663.40
1705906800,201.2854,201.3121,199.4726,199.9732,974.10
1705910400,199.9732,200.4528,198.8638,200.1035,1391.04
1705914000,200.1035,200.1826,199.0804,199.5716,1321.68
1705917600,199.5716,199.8584,199.2660,199.5013,2717.99
1705921200,199.5013,199.8472,199.1454,199.4354,1375.13
1705924800,199.4354,200.1740,197.7903,198.4396,548.55
1705928400,198.4396,198.5482,195.8295,195.8714,509.22
1705932000,195.8714,196.0310,192.8450,193.1761,424.17
1705935600,193.1761,196.2178,192.1892,195.3674,1018.68
1705939200,195.3674,195.7208,193.0628,193.7996,886.15
1705942800,193.7996,194.3014,190.9064,191.4538,675.61
1705946400,191.4538,191.8865,189.3530,190.2358,1182.43
1705950000,190.2358,190.7833,189.3051,189.8326,874.32
1705953600,189.8326,190.7336,188.2787,188.6687,682.82
1705957200,188.6687,188.7931,187.6617,187.7667,1235.05
1705960800,187.7667,188.1060,184.9426,186.0106,1603.19
1705964400,186.0106,186.9715,183.9962,184.7323,423.55
1705968000,184.7323,185.7359,184.6636,185.1741,969.23
1705971600,185.1741,187.2227,183.9247,187.0101,1015.17
1705975200,187.0101,187.9749,186.3328,187.2838,994.94
1705978800,187.2838,187.3763,184.6313,185.0328,1272.26
1705982400,185.0328,185.3222,183.1115,183.8963,824.30
1705986000,183.8963,183.9360,182.8422,183.2342,1332.90
1705989600,183.2342,183.5042,180.4439,181.4682,492.53
1705993200,181.4682,181.5171,178.6415,179.9165,390.53
1705996800,179.9165,180.4692,178.8086,178.9407,799.25
1706000400,178.9407,180.2937,177.0102,177.3034,653.20
1706004000,177.3034,180.3617,176.9398,179.6303,501.99
1706007600,179.6303,182.7280,179.3541,182.6578,1117.67
1706011200,182.6578,183.2933,181.8713,182.2240,992.10
1706014800,182.2240,183.7789,181.8172,183.0731,798.22
1706018400,183.0731,185.1981,182.5275,185.1670,1114.28
1706022000,185.1670,185.9274,185.1491,185.4643,967.55
1706025600,185.4643,186.4715,183.8058,184.5102,736.19
1706029200,184.5102,185.6965,184.0990,185.0811,901.85
1706032800,185.0811,185.6261,183.2619,183.9833,990.55
1706036400,183.9833,184.1322,182.8357,183.3491,1755.41
1706040000,183.3491,184.0352,183.0289,183.8779,1532.62
1706043600,183.8779,185.4637,183.8091,184.7791,874.34
1706047200,184.7791,187.4008,184.3909,187.3252,1766.42
1706050800,187.3252,187.5973,186.7449,186.7717,1199.73
1706054400,186.7717,188.8278,186.4151,188.4036,1426.96
1706058000,188.4036,188.5283,187.4472,188.0234,714.85
1706061600,188.0234,189.7507,187.7123,189.5970,812.51
1706065200,189.5970,193.3651,189.2946,193.0000,759.42
1706068800,193.0000,195.9394,192.7397,195.2997,1669.91
1706072400,195.2997,197.2500,194.8842,197.0782,911.44
1706076000,197.0782,197.6791,195.0655,195.1555,1402.81
1706079600,195.1555,196.9114,195.0394,196.4328,749.74
1706083200,196.4328,197.6797,195.2151,197.1738,1040.46
1706086800,197.1738,197.5152,195.3815,195.9879,2008.53
1706090400,195.9879,196.7201,194.2279,194.8220,903.87
1706094000,194.8220,196.9104,194.3238,196.5210,1338.73
1706097600,196.5210,197.0436,195.5585,195.5826,1093.10
1706101200,195.5826,196.3882,195.3169,195.9765,1212.41
1706104800,195.9765,196.2643,192.7318,193.3441,859.03
1706108400,193.3441,194.0773,193.0706,193.6637,1228.95
1706112000,193.6637,194.1232,191.4430,191.8656,849.39
1706115600,191.8656,191.9242,190.3014,190.8421,627.43
1706119200,190.8421,196.6577,190.3339,195.9226,783.19
1706122800,195.9226,197.9133,195.3439,197.8670,1310.92
1706126400,197.8670,200.4438,197.7532,199.7353,854.27
1706130000,199.7353,202.0891,199.7219,201.2987,908.33
1706133600,201.2987,201.6301,200.1739,201.1199,1061.08
1706137200,201.1199,202.1014,200.1288,200.1737,1292.60
1706140800,200.1737,200.7834,199.2428,200.6407,688.82
1706144400,200.6407,201.0901,200.5903,200.6965,845.08
1706148000,200.6965,201.7734,199.5348,199.9879,1249.18
1706151600,199.9879,201.5483,199.4023,200.9895,666.56
1706155200,200.9895,204.5562,200.7324,203.4691,1407.90
1706158800,203.4691,205.1264,203.3590,204.2323,946.88
1706162400,204.2323,204.8865,203.0934,203.7116,999.85
1706166000,203.7116,204.4812,203.5865,204.3265,1359.64
1706169600,204.3265,204.5991,203.1637,203.4374,693.68
1706173200,203.4374,203.8458,202.0852,202.1007,792.24
1706176800,202.1007,202.8673,200.9585,201.9505,500.24
1706180400,201.9505,202.1223,200.1553,200.8862,1006.45
1706184000,200.8862,203.4433,199.6294,203.0350,652.57
1706187600,203.0350,205.8268,202.3014,205.1510,490.23
1706191200,205.1510,207.2784,204.5972,206.6972,360.67
1706194800,206.6972,206.8521,206.0582,206.5064,1877.19
1706198400,206.5064,207.6373,203.5703,204.4489,1388.30
1706202000,204.4489,206.7324,204.3119,206.7222,1618.45
1706205600,206.7222,207.9541,203.8559,204.3791,1137.51
1706209200,204.3791,204.3972,201.4477,201.8978,621.44
1706212800,201.8978,201.9473,199.2446,199.4890,1777.89
1706216400,199.4890,201.9347,199.1021,201.0746,1017.21
1706220000,201.0746,204.3029,200.7265,203.9655,913.99
1706223600,203.9655,206.3579,203.9238,205.4381,1362.61
